{
  "roles": [
    {
      "index": 0,
      "roleName": "Dev",
      "roleColor": "#1F8B4C",
      "IsBooster": false,
      "roleId": "140000B"
    },
    {
      "index": 1,
      "roleName": "Community Manager",
      "roleColor": "#C27C0E",
      "IsBooster": false,
      "roleId": "0000032"
    },
    {
      "index": 2,
      "roleName": "Photographers",
      "roleColor": "#AD1457",
      "IsBooster": false,
      "roleId": "0045050"
    },
    {
      "index": 3,
      "roleName": "Obj-Supporter",
      "roleColor": "#3498DB",
      "IsBooster": false,
      "roleId": "B5A000A"
    },
    {
      "index": 4,
      "roleName": "Supporter#",
      "roleColor": "#3498DB",
      "IsBooster": false,
      "roleId": "F04000D"
    },
    {
      "index": 5,
      "roleName": "Supporter++",
      "roleColor": "#3498DB",
      "IsBooster": false,
      "roleId": "0C00032"
    },
    {
      "index": 6,
      "roleName": "Supporter",
      "roleColor": "#3498DB",
      "IsBooster": false,
      "roleId": "D440028"
    },
    {
      "index": 7,
      "roleName": "Server Booster",
      "roleColor": "#F47FFF",
      "IsBooster": true,
      "roleId": "E4C000D"
    },
    {
      "index": 8,
      "roleName": "Moderators",
      "roleColor": "#2ECC71",
      "IsBooster": false,
      "roleId": "202000A"
    }
  ],
  "keyUrl": "https://udonvr-db.github.io/DB/706637693693722715",
  "key": "5833c133b6e14b14b9eedffe96a78f9d"
}